<?xml version="1.0" encoding="utf-8" ?>
<Resources theme="Green-Grey" dir="GreenGrey">
  <page name="THEME">
    <Resource tag="CREDIT"></Resource>
    <Resource tag="HEADER">
      &lt;script type="text/javascript" src="~/js/ColorGrey.js"&gt;&lt;/script&gt;
    </Resource>
	<Resource tag="DIGESTHEAD">
      &lt;style type="text/css"&gt;
      #yaf_digest{font-family:arial,helvetica,"lucida grande",verdana,sans-serif;font-size:9.5pt;color:#000;background-color:#ededed;}#yaf_digest h1{font-size:14pt;}#yaf_digest .title{float:left;}#yaf_digest .top{border-left:solid 1px #FFF;border-right:solid 1px #FFF;border-top:solid 1px #FFF;-moz-border-radius-topleft:.4em;-moz-border-radius-topright:.4em;-webkit-border-top-left-radius:.4em;-webkit-border-top-right-radius:.4em;border-top-left-radius:.4em;border-top-right-radius:.4em;background-color:#FFF;width:905px;margin:auto;padding:4px 40px;}#yaf_digest .bottom{border-left:solid 1px #FFF;border-right:solid 1px #FFF;border-bottom:solid 1px #FFF;-moz-border-radius-bottomleft:.4em;-moz-border-radius-bottomright:.4em;-webkit-border-bottom-left-radius:.4em;-webkit-border-bottom-right-radius:.4em;border-bottom-left-radius:.4em;border-bottom-right-radius:.4em;background-color:#FFF;width:905px;font-weight:700;margin:auto;padding:20px 40px;}#yaf_digest .date{float:right;color:#999;}#yaf_digest .main{border-top:solid 1px #aaa;border-bottom:solid 1px #aaa;clear:both;background-color:#FFF;overflow:visible;width:957px;margin:auto;padding:5px 15px 15px;}#yaf_digest br{clear:both;}#yaf_digest h1.header{margin-left:24px;color:#000;font-weight:700;}#yaf_digest .forumTitle{color:#105CB6;border-bottom:1px solid #aaa;margin-top:2px;margin-bottom:5px;margin-left:16px;padding:8px 8px 4px;}#yaf_digest .topic{padding:4px 0 4px 25px;}#yaf_digest .comments{padding-left:15px;font-style:italic;}#yaf_digest .topic h3{font-size:12pt;padding-bottom:0;margin-bottom:0;}#yaf_digest .topic a{text-decoration:underline;}#yaf_digest .topic h5{font-size:9pt;padding-top:0;margin-top:0;}#yaf_digest .topic .shortpost{background-color:#eee;border:1px solid #eee;-moz-border-radius:.4em;-webkit-border-radius:.4em;border-radius:.4em;margin-left:15px;margin-right:15px;font-size:10pt;padding:10px;}#yaf_digest .topic .link{display:block;font-weight:700;}#yaf_digest .topic .by{display:block;color:#999;font-style:italic;}#yaf_digest a:link,#yaf_digest a{color:#105CB6;text-decoration:none;}
      &lt;/style&gt;
    </Resource>
  </page>
  <page name="ICONS">
    <Resource tag="ARROWUP_16">~/navigation-090-button.png</Resource>
    <Resource tag="ARROWDOWN_16">~/navigation-270-button.png</Resource>
    <Resource tag="ALBUMS">~/albums.png</Resource>
    <Resource tag="TOTOPPOST">~/arrow_up_button.png</Resource>
    <Resource tag="PM">~/icon_pm.png</Resource>
    <Resource tag="EMAIL">~/icon_email.png</Resource>
    <Resource tag="HOME">~/icon_home.png</Resource>
    <Resource tag="BLOG">~/icon_blog.png</Resource>
    <Resource tag="DUSTBIN_SMALL">~/dustbin.gif</Resource>
    <Resource tag="COPY_SMALL_ICON">~/copy_small_icon.png</Resource>
    <Resource tag="EDIT_SMALL_ICON">~/edit_small_icon.gif</Resource>
    <Resource tag="DELETE_SMALL_ICON">~/delete_small_icon.gif</Resource>
    <Resource tag="MULTIPAGES_SMALL">~/multipages_small.gif</Resource>
    <Resource tag="MSN">~/icon_msn.png</Resource>
    <Resource tag="AIM">~/icon_aim.png</Resource>
    <Resource tag="YIM">~/icon_yahoo.png</Resource>
    <Resource tag="ICQ">~/icon_icq.png</Resource>
    <Resource tag="XMPP">~/icon_xmpp.png</Resource>
    <Resource tag="SKYPE">~/icon_skype.png</Resource>
    <Resource tag="SEARCH">~/icon_search.png</Resource>
    <Resource tag="THANKSINFOLIST_IMAGE">~/heart_small.png</Resource>
    <Resource tag="TOPIC_NEW">~/topic_new.png</Resource>
    <Resource tag="TOPIC">~/topic.png</Resource>
    <Resource tag="TOPIC_HOT_NEW">~/topic_hot_new.png</Resource>
    <Resource tag="TOPIC_HOT">~/topic_hot.png</Resource>
    <Resource tag="TOPIC_ANNOUNCEMENT">~/topic_announce.png</Resource>
    <Resource tag="TOPIC_ANNOUNCEMENT_NEW">~/topic_announce_new.png</Resource>
    <Resource tag="TOPIC_NEW_LOCKED">~/topic_lock_new.png</Resource>
    <Resource tag="TOPIC_LOCKED">~/topic_lock.png</Resource>
    <Resource tag="TOPIC_STICKY">~/topic_sticky.png</Resource>
    <Resource tag="TOPIC_STICKY_NEW">~/topic_sticky_new.png</Resource>
    <Resource tag="TOPIC_MOVED">~/topic_moved.png</Resource>
    <Resource tag="TOPIC_POLL">~/topic_poll.png</Resource>
    <Resource tag="TOPIC_POLL_NEW">~/topic_poll_new.png</Resource>
    <Resource tag="SUBFORUM">~/icon_subforum.png</Resource>
    <Resource tag="SUBFORUM_NEW">~/icon_subforum_new.png</Resource>
    <Resource tag="FORUM">~/forum.png</Resource>
    <Resource tag="FORUM_ADDNEW_SMALL">~/plus_small_icon.png</Resource>
    <Resource tag="FORUM_NEW">~/forum_new.png</Resource>
    <Resource tag="FORUM_LOCKED">~/forum_locked.png</Resource>
    <Resource tag="FORUM_STATS">~/folder_stats.gif</Resource>
    <Resource tag="FORUM_USERS">~/folder_who.gif</Resource>
    <Resource tag="ICON_NEWEST">~/icon_newest_reply.png</Resource>
    <Resource tag="ICON_LATEST">~/icon_latest_reply.png</Resource>
    <Resource tag="ICON_NEWEST_UNREAD">~/icon_topiclatestunread_newest.png</Resource>
    <Resource tag="ICON_LATEST_UNREAD">~/icon_topic_latestunread.png</Resource>
    <Resource tag="ATTACHED_FILE">~/icon_file.gif</Resource>
    <Resource tag="MODS_SMALL">~/mods_small.gif</Resource>
    <Resource tag="PANEL_EXPAND">~/expand.gif</Resource>
    <Resource tag="PANEL_COLLAPSE">~/collapse.gif</Resource>
    <Resource tag="USER_ONLINE">~/icon_useronline.png</Resource>
    <Resource tag="USER_OFFLINE">~/icon_useroffline.png</Resource>
    <Resource tag="USER_SUSPENDED">~/UserSuspended.png</Resource>
    <Resource tag="USER_BUSINESS">~/user-business.png</Resource>
    <Resource tag="GENDER_MALE">~/male.gif</Resource>
    <Resource tag="GENDER_FEMALE">~/female.gif</Resource>
    <Resource tag="RSSFEED">~/rssfeed.gif</Resource>
    <Resource tag="ATOMFEED">~/atomfeed.png</Resource>
    <Resource tag="TWITTER">~/icon_twitter.png</Resource>
    <Resource tag="DIGG">~/icon_digg.png</Resource>
    <Resource tag="REDDIT">~/icon_reddit.png</Resource>
    <Resource tag="FACEBOOK">~/icon_facebook.png</Resource>
    <Resource tag="LIVEJOURNAL">~/livejournal.png</Resource>
    <Resource tag="VKONTAKTE">~/vkontakte.png</Resource>
    <Resource tag="LINKBACK">~/icon_linkback.png</Resource>
    <Resource tag="GOOGLEPLUS">~/icon_googleplus.png</Resource>
    <Resource tag="GOOGLE2">~/icon_googleplus2.png</Resource>
    <Resource tag="PRINT">~/icon_print.png</Resource>
    <Resource tag="PM_READ">~/pm_read.png</Resource>
    <Resource tag="PM_NEW">~/pm_new.png</Resource>
	<Resource tag="PM_READ_REPLY">~/pm_read_reply.png</Resource>
	<Resource tag="PM_NEW_REPLY">~/pm_new_reply.png</Resource>
    <Resource tag="TWITTER2">~/icon_twitter2.png</Resource>
    <Resource tag="FACEBOOK2">~/icon_facebook2.png</Resource>
    <Resource tag="TUMBLR">~/icon_tumblr.png</Resource>
    <Resource tag="VOTE_UP">~/VoteUp.png</Resource>
    <Resource tag="VOTE_DOWN">~/VoteDown.png</Resource>
    <Resource tag="REPORT_POST">~/Report.png</Resource>
  </page>
  <page name="SORT">
    <Resource tag="ASCENDING">~/sort_up.gif</Resource>
    <Resource tag="DESCENDING">~/sort_down.gif</Resource>
  </page>
  <page name="VOTE">
    <Resource tag="LCAP">~/vote_lcap.gif</Resource>
    <Resource tag="RCAP">~/vote_rcap.gif</Resource>
    <Resource tag="BAR">~/voting_bar.gif</Resource>
    <Resource tag="POLL_CLOSED">~/lock_small.png</Resource>
    <Resource tag="POLL_QUESTION">~/poll_question.png</Resource>
    <Resource tag="POLL_CHOICE">~/poll_choice.png</Resource>
    <Resource tag="POLL_QUESTION">~/poll_question.png</Resource>
    <Resource tag="POLL_CHOICE">~/poll_choice.png</Resource>
    <Resource tag="POLL_MASK">~/mask.gif</Resource>
    <Resource tag="POLL_NOTCLOSED">~/sandclock.gif</Resource>
    <Resource tag="POLL_VOTED">~/handpointer1.png</Resource>
    <Resource tag="VOTE_USERS">~/users_poll.gif</Resource>
    <Resource tag="VOTE_REFUSE">~/vote_refuse.gif</Resource>
  </page>
  <page name="TOPIC_STATUS">
     <Resource tag="INFORMATIC">~/status_informatic.png</Resource>
     <Resource tag="SOLVED">~/status_solved.png</Resource>
     <Resource tag="QUESTION">~/status_question.png</Resource>
	 <Resource tag="ISSUE">~/status_issue.png</Resource>
	 <Resource tag="FIXED">~/status_fixed.png</Resource>
  </page>
</Resources>
